"Folder","Url"
"流沙","https://fastly.jsdelivr.net/gh/willow-god/owo/liushen/liushen-angry.png"
"流沙","https://fastly.jsdelivr.net/gh/willow-god/owo/liushen/liushen-chowdown.png"
"流沙","https://fastly.jsdelivr.net/gh/willow-god/owo/liushen/liushen-cold.png"
"流沙","https://fastly.jsdelivr.net/gh/willow-god/owo/liushen/liushen-confused.png"
"流沙","https://fastly.jsdelivr.net/gh/willow-god/owo/liushen/liushen-congratulation.png"
"流沙","https://fastly.jsdelivr.net/gh/willow-god/owo/liushen/liushen-cry.png"
"流沙","https://fastly.jsdelivr.net/gh/willow-god/owo/liushen/liushen-cutehold.png"
"流沙","https://fastly.jsdelivr.net/gh/willow-god/owo/liushen/liushen-dislike.png"
"流沙","https://fastly.jsdelivr.net/gh/willow-god/owo/liushen/liushen-eatmelon.png"
"流沙","https://fastly.jsdelivr.net/gh/willow-god/owo/liushen/liushen-funny.png"
"流沙","https://fastly.jsdelivr.net/gh/willow-god/owo/liushen/liushen-Garbage.png"
"流沙","https://fastly.jsdelivr.net/gh/willow-god/owo/liushen/liushen-good.png"
"流沙","https://fastly.jsdelivr.net/gh/willow-god/owo/liushen/liushen-grinding.png"
"流沙","https://fastly.jsdelivr.net/gh/willow-god/owo/liushen/liushen-happy.png"
"流沙","https://fastly.jsdelivr.net/gh/willow-god/owo/liushen/liushen-hehesmile.png"
"流沙","https://fastly.jsdelivr.net/gh/willow-god/owo/liushen/liushen-helpless.png"
"流沙","https://fastly.jsdelivr.net/gh/willow-god/owo/liushen/liushen-hityou.png"
"流沙","https://fastly.jsdelivr.net/gh/willow-god/owo/liushen/liushen-homework.png"
"流沙","https://fastly.jsdelivr.net/gh/willow-god/owo/liushen/liushen-hot.png"
"流沙","https://fastly.jsdelivr.net/gh/willow-god/owo/liushen/liushen-hustle.png"
"流沙","https://fastly.jsdelivr.net/gh/willow-god/owo/liushen/liushen-loveyou.png"
"流沙","https://fastly.jsdelivr.net/gh/willow-god/owo/liushen/liushen-mindblown.png"
"流沙","https://fastly.jsdelivr.net/gh/willow-god/owo/liushen/liushen-nosee.png"
"流沙","https://fastly.jsdelivr.net/gh/willow-god/owo/liushen/liushen-peek.png"
"流沙","https://fastly.jsdelivr.net/gh/willow-god/owo/liushen/liushen-petrified.png"
"流沙","https://fastly.jsdelivr.net/gh/willow-god/owo/liushen/liushen-prison.png"
"流沙","https://fastly.jsdelivr.net/gh/willow-god/owo/liushen/liushen-prond.png"
"流沙","https://fastly.jsdelivr.net/gh/willow-god/owo/liushen/liushen-sad.png"
"流沙","https://fastly.jsdelivr.net/gh/willow-god/owo/liushen/liushen-shoot.png"
"流沙","https://fastly.jsdelivr.net/gh/willow-god/owo/liushen/liushen-shy.png"
"流沙","https://fastly.jsdelivr.net/gh/willow-god/owo/liushen/liushen-sigh.png"
"流沙","https://fastly.jsdelivr.net/gh/willow-god/owo/liushen/liushen-slacking.png"
"流沙","https://fastly.jsdelivr.net/gh/willow-god/owo/liushen/liushen-sleep.png"
"流沙","https://fastly.jsdelivr.net/gh/willow-god/owo/liushen/liushen-sobface.png"
"流沙","https://fastly.jsdelivr.net/gh/willow-god/owo/liushen/liushen-tired.png"
"流沙","https://fastly.jsdelivr.net/gh/willow-god/owo/liushen/liushen-work.png"
"可爱猫","https://fastly.jsdelivr.net/gh/willow-god/owo/blobcat/blobcat0_0.png"
"可爱猫","https://fastly.jsdelivr.net/gh/willow-god/owo/blobcat/blobcatalt.png"
"可爱猫","https://fastly.jsdelivr.net/gh/willow-god/owo/blobcat/blobcatangry.png"
"可爱猫","https://fastly.jsdelivr.net/gh/willow-god/owo/blobcat/blobcatattentionreverse.png"
"可爱猫","https://fastly.jsdelivr.net/gh/willow-god/owo/blobcat/blobcatblush.png"
"可爱猫","https://fastly.jsdelivr.net/gh/willow-god/owo/blobcat/blobcatbox.png"
"可爱猫","https://fastly.jsdelivr.net/gh/willow-god/owo/blobcat/blobcatcaged.png"
"可爱猫","https://fastly.jsdelivr.net/gh/willow-god/owo/blobcat/blobcatcoffee.png"
"可爱猫","https://fastly.jsdelivr.net/gh/willow-god/owo/blobcat/blobcatcomftears.png"
"可爱猫","https://fastly.jsdelivr.net/gh/willow-god/owo/blobcat/blobcatcomfy.png"
"可爱猫","https://fastly.jsdelivr.net/gh/willow-god/owo/blobcat/blobcatcry.png"
"可爱猫","https://fastly.jsdelivr.net/gh/willow-god/owo/blobcat/blobcatdead.png"
"可爱猫","https://fastly.jsdelivr.net/gh/willow-god/owo/blobcat/blobcatdisturbed.png"
"可爱猫","https://fastly.jsdelivr.net/gh/willow-god/owo/blobcat/blobcatfacepalm.png"
"可爱猫","https://fastly.jsdelivr.net/gh/willow-god/owo/blobcat/blobcatfearful.png"
"可爱猫","https://fastly.jsdelivr.net/gh/willow-god/owo/blobcat/blobcatfingerguns.png"
"可爱猫","https://fastly.jsdelivr.net/gh/willow-god/owo/blobcat/blobcatflip.png"
"可爱猫","https://fastly.jsdelivr.net/gh/willow-god/owo/blobcat/blobcatflower.png"
"可爱猫","https://fastly.jsdelivr.net/gh/willow-god/owo/blobcat/blobcatgay.png"
"可爱猫","https://fastly.jsdelivr.net/gh/willow-god/owo/blobcat/blobcatgooglytrash.png"
"可爱猫","https://fastly.jsdelivr.net/gh/willow-god/owo/blobcat/blobcatheadphones.png"
"可爱猫","https://fastly.jsdelivr.net/gh/willow-god/owo/blobcat/blobcatheart.png"
"可爱猫","https://fastly.jsdelivr.net/gh/willow-god/owo/blobcat/blobcatheartbroken.png"
"可爱猫","https://fastly.jsdelivr.net/gh/willow-god/owo/blobcat/blobcatheartpride.png"
"可爱猫","https://fastly.jsdelivr.net/gh/willow-god/owo/blobcat/blobcathighfive.png"
"可爱猫","https://fastly.jsdelivr.net/gh/willow-god/owo/blobcat/blobcatkissheart.png"
"可爱猫","https://fastly.jsdelivr.net/gh/willow-god/owo/blobcat/blobcatlove.png"
"可爱猫","https://fastly.jsdelivr.net/gh/willow-god/owo/blobcat/blobcatmelt.png"
"可爱猫","https://fastly.jsdelivr.net/gh/willow-god/owo/blobcat/blobcatmeltthumb.png"
"可爱猫","https://fastly.jsdelivr.net/gh/willow-god/owo/blobcat/blobcatneutral.png"
"可爱猫","https://fastly.jsdelivr.net/gh/willow-god/owo/blobcat/blobcatnomblobcat.png"
"可爱猫","https://fastly.jsdelivr.net/gh/willow-god/owo/blobcat/blobcatnotlikethis.png"
"可爱猫","https://fastly.jsdelivr.net/gh/willow-god/owo/blobcat/blobcatopenmouth.png"
"可爱猫","https://fastly.jsdelivr.net/gh/willow-god/owo/blobcat/blobcatpeek2.png"
"可爱猫","https://fastly.jsdelivr.net/gh/willow-god/owo/blobcat/blobcatpeekaboo.png"
"可爱猫","https://fastly.jsdelivr.net/gh/willow-god/owo/blobcat/blobcatphoto.png"
"可爱猫","https://fastly.jsdelivr.net/gh/willow-god/owo/blobcat/blobcatpolice.png"
"可爱猫","https://fastly.jsdelivr.net/gh/willow-god/owo/blobcat/blobcatpresentred.png"
"可爱猫","https://fastly.jsdelivr.net/gh/willow-god/owo/blobcat/blobcatrainbow.png"
"可爱猫","https://fastly.jsdelivr.net/gh/willow-god/owo/blobcat/blobcatreachrev.png"
"可爱猫","https://fastly.jsdelivr.net/gh/willow-god/owo/blobcat/blobcatread.png"
"可爱猫","https://fastly.jsdelivr.net/gh/willow-god/owo/blobcat/blobcatsadreach.png"
"可爱猫","https://fastly.jsdelivr.net/gh/willow-god/owo/blobcat/blobcatsaitama.png"
"可爱猫","https://fastly.jsdelivr.net/gh/willow-god/owo/blobcat/blobcatscared.png"
"可爱猫","https://fastly.jsdelivr.net/gh/willow-god/owo/blobcat/blobcatshocked.png"
"可爱猫","https://fastly.jsdelivr.net/gh/willow-god/owo/blobcat/blobcatsipsweat.png"
"可爱猫","https://fastly.jsdelivr.net/gh/willow-god/owo/blobcat/blobcatsnapped.png"
"可爱猫","https://fastly.jsdelivr.net/gh/willow-god/owo/blobcat/blobcatsnuggle.png"
"可爱猫","https://fastly.jsdelivr.net/gh/willow-god/owo/blobcat/blobcatthink.png"
"可爱猫","https://fastly.jsdelivr.net/gh/willow-god/owo/blobcat/blobcattriumph.png"
"可爱猫","https://fastly.jsdelivr.net/gh/willow-god/owo/blobcat/blobcatumm.png"
"可爱猫","https://fastly.jsdelivr.net/gh/willow-god/owo/blobcat/blobcatverified.png"
"可爱猫","https://fastly.jsdelivr.net/gh/willow-god/owo/blobcat/blobcatwave.png"
"可爱猫","https://fastly.jsdelivr.net/gh/willow-god/owo/blobcat/blobcatyandere.png"
"线条狗","https://fastly.jsdelivr.net/gh/willow-god/owo/linedog/linedog-不要.gif"
"线条狗","https://fastly.jsdelivr.net/gh/willow-god/owo/linedog/linedog-写不完了.gif"
"线条狗","https://fastly.jsdelivr.net/gh/willow-god/owo/linedog/linedog-准备.gif"
"线条狗","https://fastly.jsdelivr.net/gh/willow-god/owo/linedog/linedog-加油.gif"
"线条狗","https://fastly.jsdelivr.net/gh/willow-god/owo/linedog/linedog-呸.gif"
"线条狗","https://fastly.jsdelivr.net/gh/willow-god/owo/linedog/linedog-哼.gif"
"线条狗","https://fastly.jsdelivr.net/gh/willow-god/owo/linedog/linedog-喂.gif"
"线条狗","https://fastly.jsdelivr.net/gh/willow-god/owo/linedog/linedog-好棒.gif"
"线条狗","https://fastly.jsdelivr.net/gh/willow-god/owo/linedog/linedog-好痛.gif"
"线条狗","https://fastly.jsdelivr.net/gh/willow-god/owo/linedog/linedog-好耶.gif"
"线条狗","https://fastly.jsdelivr.net/gh/willow-god/owo/linedog/linedog-威胁.gif"
"线条狗","https://fastly.jsdelivr.net/gh/willow-god/owo/linedog/linedog-完成.gif"
"线条狗","https://fastly.jsdelivr.net/gh/willow-god/owo/linedog/linedog-寻找.gif"
"线条狗","https://fastly.jsdelivr.net/gh/willow-god/owo/linedog/linedog-庆祝.gif"
"线条狗","https://fastly.jsdelivr.net/gh/willow-god/owo/linedog/linedog-开心.gif"
"线条狗","https://fastly.jsdelivr.net/gh/willow-god/owo/linedog/linedog-惊.gif"
"线条狗","https://fastly.jsdelivr.net/gh/willow-god/owo/linedog/linedog-惊讶.gif"
"线条狗","https://fastly.jsdelivr.net/gh/willow-god/owo/linedog/linedog-惊讶2.gif"
"线条狗","https://fastly.jsdelivr.net/gh/willow-god/owo/linedog/linedog-打你.gif"
"线条狗","https://fastly.jsdelivr.net/gh/willow-god/owo/linedog/linedog-打你2.gif"
"线条狗","https://fastly.jsdelivr.net/gh/willow-god/owo/linedog/linedog-指.gif"
"线条狗","https://fastly.jsdelivr.net/gh/willow-god/owo/linedog/linedog-探头.gif"
"线条狗","https://fastly.jsdelivr.net/gh/willow-god/owo/linedog/linedog-摇摆.gif"
"线条狗","https://fastly.jsdelivr.net/gh/willow-god/owo/linedog/linedog-摊手.gif"
"线条狗","https://fastly.jsdelivr.net/gh/willow-god/owo/linedog/linedog-晃脚脚.gif"
"线条狗","https://fastly.jsdelivr.net/gh/willow-god/owo/linedog/linedog-期待.gif"
"线条狗","https://fastly.jsdelivr.net/gh/willow-god/owo/linedog/linedog-来了.gif"
"线条狗","https://fastly.jsdelivr.net/gh/willow-god/owo/linedog/linedog-歪头.gif"
"线条狗","https://fastly.jsdelivr.net/gh/willow-god/owo/linedog/linedog-沮丧.gif"
"线条狗","https://fastly.jsdelivr.net/gh/willow-god/owo/linedog/linedog-画圈圈.gif"
"线条狗","https://fastly.jsdelivr.net/gh/willow-god/owo/linedog/linedog-略.gif"
"线条狗","https://fastly.jsdelivr.net/gh/willow-god/owo/linedog/linedog-盯.gif"
"线条狗","https://fastly.jsdelivr.net/gh/willow-god/owo/linedog/linedog-看窗外1.gif"
"线条狗","https://fastly.jsdelivr.net/gh/willow-god/owo/linedog/linedog-看窗外2.gif"
"线条狗","https://fastly.jsdelivr.net/gh/willow-god/owo/linedog/linedog-紧张.gif"
"线条狗","https://fastly.jsdelivr.net/gh/willow-god/owo/linedog/linedog-翘脚脚.gif"
"线条狗","https://fastly.jsdelivr.net/gh/willow-god/owo/linedog/linedog-谢谢.gif"
"线条狗","https://fastly.jsdelivr.net/gh/willow-god/owo/linedog/linedog-转圈.gif"
"线条狗","https://fastly.jsdelivr.net/gh/willow-god/owo/linedog/linedog-送你花花.gif"
"线条狗","https://fastly.jsdelivr.net/gh/willow-god/owo/linedog/linedog-难过.gif"
"线条狗","https://fastly.jsdelivr.net/gh/willow-god/owo/linedog/linedog-震惊.gif"
"线条狗","https://fastly.jsdelivr.net/gh/willow-god/owo/linedog/linedog-非常好.gif"
"线条狗","https://fastly.jsdelivr.net/gh/willow-god/owo/linedog/linedog-颓废.gif"
"小电视","https://fastly.jsdelivr.net/gh/willow-god/owo/bilibili/bilibili-doge.png"
"小电视","https://fastly.jsdelivr.net/gh/willow-god/owo/bilibili/bilibili-亲亲.png"
"小电视","https://fastly.jsdelivr.net/gh/willow-god/owo/bilibili/bilibili-偷笑.png"
"小电视","https://fastly.jsdelivr.net/gh/willow-god/owo/bilibili/bilibili-再见.png"
"小电视","https://fastly.jsdelivr.net/gh/willow-god/owo/bilibili/bilibili-冷漠.png"
"小电视","https://fastly.jsdelivr.net/gh/willow-god/owo/bilibili/bilibili-发怒.png"
"小电视","https://fastly.jsdelivr.net/gh/willow-god/owo/bilibili/bilibili-发财.png"
"小电视","https://fastly.jsdelivr.net/gh/willow-god/owo/bilibili/bilibili-可爱.png"
"小电视","https://fastly.jsdelivr.net/gh/willow-god/owo/bilibili/bilibili-吐血.png"
"小电视","https://fastly.jsdelivr.net/gh/willow-god/owo/bilibili/bilibili-呆.png"
"小电视","https://fastly.jsdelivr.net/gh/willow-god/owo/bilibili/bilibili-呕吐.png"
"小电视","https://fastly.jsdelivr.net/gh/willow-god/owo/bilibili/bilibili-困.png"
"小电视","https://fastly.jsdelivr.net/gh/willow-god/owo/bilibili/bilibili-坏笑.png"
"小电视","https://fastly.jsdelivr.net/gh/willow-god/owo/bilibili/bilibili-大佬.png"
"小电视","https://fastly.jsdelivr.net/gh/willow-god/owo/bilibili/bilibili-大哭.png"
"小电视","https://fastly.jsdelivr.net/gh/willow-god/owo/bilibili/bilibili-委屈.png"
"小电视","https://fastly.jsdelivr.net/gh/willow-god/owo/bilibili/bilibili-害羞.png"
"小电视","https://fastly.jsdelivr.net/gh/willow-god/owo/bilibili/bilibili-尴尬.png"
"小电视","https://fastly.jsdelivr.net/gh/willow-god/owo/bilibili/bilibili-微笑.png"
"小电视","https://fastly.jsdelivr.net/gh/willow-god/owo/bilibili/bilibili-思考.png"
"小电视","https://fastly.jsdelivr.net/gh/willow-god/owo/bilibili/bilibili-惊吓.png"
